a,b,c,d
one,two,three,four
eins,zwei,drei,vier
apple,pear,lemon,orange
1,2,3,4
11,22,33,44
a,b,c,d
one,two,three,four
eins,zwei,drei,vier
apple,pear,lemon,orange
1,2,3,4
11,22,33,44
a,b,c,d
one,two,three,four
eins,zwei,drei,vier
apple,pear,lemon,orange
1,2,3,4
11,22,33,44
a,b,c,d
one,two,three,four
eins,zwei,drei,vier
apple,pear,lemon,orange
1,2,3,4
11,22,33,44
a,b,c,d
one,two,three,four
eins,zwei,drei,vier
apple,pear,lemon,orange
1,2,3,4
11,22,33,44
a,b,c,d
one,two,three,four
eins,zwei,drei,vier
apple,pear,lemon,orange
1,2,3,4
11,22,33,44
a,b,c,d
one,two,three,four
eins,zwei,drei,vier
apple,pear,lemon,orange
1,2,3,4
11,22,33,44
a,b,c,d
one,two,three,four
eins,zwei,drei,vier
apple,pear,lemon,orange
1,2,3,4
11,22,33,44
a,b,c,d
one,two,three,four
eins,zwei,drei,vier
apple,pear,lemon,orange
1,2,3,4
11,22,33,44
a,b,c,d
one,two,three,four
eins,zwei,drei,vier
apple,pear,lemon,orange
1,2,3,4
11,22,33,44
